{
"1": 0.757983,
"2": 0.743992,
"3": 0.706934,
"4": 0.712224,
"5": 0.744575,
"6": 0.646445,
"7": 0.624219,
"8": 0.603871,
"9": 0.646806,
"10": 0.635627,
"11": 0.691511
}