{
"1": 0.733952,
"2": 0.743243,
"3": 0.690342,
"4": 0.672287,
"5": 0.703715,
"6": 0.629940,
"7": 0.554079,
"8": 0.564152,
"9": 0.654629,
"10": 0.632712,
"11": 0.677901
}