{
"1": 0.746577,
"2": 0.755076,
"3": 0.717959,
"4": 0.674404,
"5": 0.712435,
"6": 0.638369,
"7": 0.581348,
"8": 0.595605,
"9": 0.710406,
"10": 0.648787,
"11": 0.674268
}