{
"1": 0.625706,
"2": 0.617690,
"3": 0.539405,
"4": 0.630882,
"5": 0.657679,
"6": 0.576918,
"7": 0.547990,
"8": 0.526475,
"9": 0.558731,
"10": 0.563544,
"11": 0.553655
}