{
"1": 0.551511,
"2": 0.629380,
"3": 0.602242,
"4": 0.552011,
"5": 0.579937,
"6": 0.613760,
"7": 0.515456,
"8": 0.503039,
"9": 0.621939,
"10": 0.524340,
"11": 0.503483
}