{
"1": 0.579718,
"2": 0.591397,
"3": 0.527116,
"4": 0.506350,
"5": 0.542871,
"6": 0.459790,
"7": 0.383201,
"8": 0.392905,
"9": 0.486579,
"10": 0.462750,
"11": 0.512746
}