{
"1": 0.610283,
"2": 0.592347,
"3": 0.546712,
"4": 0.553065,
"5": 0.593087,
"6": 0.477590,
"7": 0.453720,
"8": 0.432532,
"9": 0.477985,
"10": 0.465875,
"11": 0.528480
}