{
"1": 0.455292,
"2": 0.446853,
"3": 0.369305,
"4": 0.460795,
"5": 0.489956,
"6": 0.405400,
"7": 0.377401,
"8": 0.357289,
"9": 0.387666,
"10": 0.392316,
"11": 0.382796
}