{
"1": 0.595631,
"2": 0.606524,
"3": 0.560013,
"4": 0.508755,
"5": 0.553319,
"6": 0.468826,
"7": 0.409789,
"8": 0.424101,
"9": 0.550876,
"10": 0.480152,
"11": 0.508601
}