{
"1": 0.380749,
"2": 0.459193,
"3": 0.430863,
"4": 0.381225,
"5": 0.408388,
"6": 0.442752,
"7": 0.347215,
"8": 0.336040,
"9": 0.451314,
"10": 0.355326,
"11": 0.336437
}