{
"1": 0.771826,
"2": 0.740415,
"3": 0.706340,
"4": 0.727920,
"5": 0.566578,
"6": 0.690691,
"7": 0.620039,
"8": 0.633623,
"9": 0.617158,
"10": 0.594103,
"11": 0.633866
}