{
"1": 0.628434,
"2": 0.587825,
"3": 0.546001,
"4": 0.572229,
"5": 0.395263,
"6": 0.527523,
"7": 0.449317,
"8": 0.463725,
"9": 0.446296,
"10": 0.422579,
"11": 0.463986
}