{
"1": 0.756560,
"2": 0.769121,
"3": 0.788238,
"4": 0.742966,
"5": 0.740842,
}