{
"1": 0.608441,
"2": 0.624855,
"3": 0.650489,
"4": 0.591047,
"5": 0.588363,
}