{
"1": 0.739712,
"2": 0.751783,
"3": 0.740722,
"4": 0.700097,
"5": 0.624351,
"6": 0.688674,
"7": 0.591940,
"8": 0.651916,
"9": 0.608998,
"10": 0.610020,
"11": 0.556408
}