{
"1": 0.770925,
"2": 0.741776,
"3": 0.728022,
"4": 0.699981,
"5": 0.613257,
"6": 0.686059,
"7": 0.579117,
"8": 0.640307,
"9": 0.600373,
"10": 0.595959,
"11": 0.610018
}