{
"1": 0.775415,
"2": 0.747973,
"3": 0.735903,
"4": 0.700342,
"5": 0.622624,
"6": 0.687456,
"7": 0.588327,
"8": 0.646956,
"9": 0.605104,
"10": 0.602749,
"11": 0.620098
}