{
"1": 0.740355,
"2": 0.752119,
"3": 0.740876,
"4": 0.700211,
"5": 0.624304,
"6": 0.688306,
"7": 0.561272,
"8": 0.652255,
"9": 0.609080,
"10": 0.610397,
"11": 0.556071
}