{
"1": 0.763631,
"2": 0.733018,
"3": 0.721081,
"4": 0.693194,
"5": 0.603524,
"6": 0.686302,
"7": 0.567914,
"8": 0.621712,
"9": 0.592123,
"10": 0.580689,
"11": 0.612009
}