{
"1": 0.774196,
"2": 0.746059,
"3": 0.734882,
"4": 0.699056,
"5": 0.622266,
"6": 0.686938,
"7": 0.586688,
"8": 0.644984,
"9": 0.603716,
"10": 0.600762,
"11": 0.610997
}