{
"1": 0.770483,
"2": 0.741135,
"3": 0.727593,
"4": 0.708456,
"5": 0.613079,
"6": 0.685942,
"7": 0.578538,
"8": 0.638769,
"9": 0.599956,
"10": 0.595019,
"11": 0.610489
}