{
"1": 0.755290,
"2": 0.742902,
"3": 0.729759,
"4": 0.685313,
"5": 0.492112,
"6": 0.603474,
"7": 0.609164,
"8": 0.635184,
"9": 0.666943,
"10": 0.597753,
"11": 0.558357
}