{
"1": 0.768890,
"2": 0.739161,
"3": 0.726531,
"4": 0.702969,
"5": 0.611506,
"6": 0.685536,
"7": 0.576349,
"8": 0.635134,
"9": 0.598635,
"10": 0.592209,
"11": 0.610843
}