{
"1": 0.738926,
"2": 0.751490,
"3": 0.740410,
"4": 0.700125,
"5": 0.624427,
"6": 0.689072,
"7": 0.591356,
"8": 0.651450,
"9": 0.608693,
"10": 0.609923,
"11": 0.556879
}