{
"1": 0.633207,
"2": 0.597409,
"3": 0.582157,
"4": 0.538867,
"5": 0.452037,
"6": 0.523758,
"7": 0.416759,
"8": 0.478148,
"9": 0.433799,
"10": 0.431382,
"11": 0.449379
}