{
"1": 0.627240,
"2": 0.589542,
"3": 0.572355,
"4": 0.538439,
"5": 0.442228,
"6": 0.522138,
"7": 0.407576,
"8": 0.470921,
"9": 0.428952,
"10": 0.424460,
"11": 0.438868
}