{
"1": 0.606800,
"2": 0.590966,
"3": 0.574504,
"4": 0.521275,
"5": 0.326358,
"6": 0.432125,
"7": 0.437984,
"8": 0.465399,
"9": 0.500311,
"10": 0.426283,
"11": 0.387306
}