{
"1": 0.624550,
"2": 0.586245,
"3": 0.570514,
"4": 0.541983,
"5": 0.440409,
"6": 0.521532,
"7": 0.404839,
"8": 0.465345,
"9": 0.427180,
"10": 0.420665,
"11": 0.439722
}