{
"1": 0.586939,
"2": 0.602286,
"3": 0.588211,
"4": 0.538576,
"5": 0.453859,
"6": 0.525174,
"7": 0.420394,
"8": 0.483587,
"9": 0.437812,
"10": 0.438870,
"11": 0.385433
}