{
"1": 0.587749,
"2": 0.602717,
"3": 0.588406,
"4": 0.538711,
"5": 0.453809,
"6": 0.524746,
"7": 0.390116,
"8": 0.483960,
"9": 0.437898,
"10": 0.439260,
"11": 0.385110
}