{
"1": 0.617639,
"2": 0.578554,
"3": 0.563821,
"4": 0.530449,
"5": 0.432177,
"6": 0.522420,
"7": 0.396565,
"8": 0.451075,
"9": 0.420579,
"10": 0.409134,
"11": 0.440932
}