{
"1": 0.626655,
"2": 0.588733,
"3": 0.571824,
"4": 0.548534,
"5": 0.442044,
"6": 0.522003,
"7": 0.407002,
"8": 0.469258,
"9": 0.428527,
"10": 0.423507,
"11": 0.439355
}