{
"1": 0.631582,
"2": 0.594971,
"3": 0.580880,
"4": 0.537345,
"5": 0.451659,
"6": 0.523157,
"7": 0.415115,
"8": 0.475997,
"9": 0.432373,
"10": 0.429350,
"11": 0.439881
}