{
"1": 0.585949,
"2": 0.601909,
"3": 0.587818,
"4": 0.538609,
"5": 0.453939,
"6": 0.525637,
"7": 0.419805,
"8": 0.483075,
"9": 0.437498,
"10": 0.438769,
"11": 0.385885
}