{
"1": 0.727956,
"2": 0.677677,
"3": 0.738385,
"4": 0.673349,
"5": 0.701701,
"6": 0.620479,
"7": 0.492355,
"8": 0.545112,
"9": 0.567600,
"10": 0.466405
}