{
"1": 0.249780,
"2": 0.264746,
"3": 0.322282,
"4": 0.321230,
"5": 0.319413,
"6": 0.415709,
"7": 0.272076,
"8": 0.314722,
"9": 0.229838,
"10": 0.212764
}