{
"1": 0.249671,
"2": 0.264591,
"3": 0.322090,
"4": 0.321021,
"5": 0.319361,
"6": 0.415518,
"7": 0.272038,
"8": 0.314686,
"9": 0.229818,
"10": 0.212646
}