{
"1": 0.373409,
"2": 0.391284,
"3": 0.490254,
"4": 0.475435,
"5": 0.474808,
"6": 0.593056,
"7": 0.394584,
"8": 0.443632,
"9": 0.350244,
"10": 0.322633
}