{
"1": 0.632573,
"2": 0.492006,
"3": 0.509413,
"4": 0.429459,
"5": 0.446003,
"6": 0.300378,
"7": 0.359457,
"8": 0.377393,
"9": 0.369398,
"10": 0.330264
}