{
"1": 0.663155,
"2": 0.676440,
"3": 0.726783,
"4": 0.676741,
"5": 0.694426,
"6": 0.686098,
"7": 0.625465,
"8": 0.678412,
"9": 0.630481,
"10": 0.588362
}