{
"1": 0.249678,
"2": 0.264535,
"3": 0.322408,
"4": 0.320823,
"5": 0.319274,
"6": 0.415314,
"7": 0.271904,
"8": 0.314397,
"9": 0.229751,
"10": 0.212570
}