{
"1": 0.433801,
"2": 0.451541,
"3": 0.509358,
"4": 0.475573,
"5": 0.490225,
"6": 0.529354,
"7": 0.423502,
"8": 0.376439,
"9": 0.411639,
"10": 0.364618
}