{
"1": 0.606754,
"2": 0.620347,
"3": 0.693227,
"4": 0.646949,
"5": 0.673516,
"6": 0.681438,
"7": 0.602036,
"8": 0.683331,
"9": 0.587908,
"10": 0.558427
}