{
"1": 0.373026,
"2": 0.391037,
"3": 0.489990,
"4": 0.475138,
"5": 0.474533,
"6": 0.592797,
"7": 0.394333,
"8": 0.443359,
"9": 0.350099,
"10": 0.322415
}