{
"1": 0.142647,
"2": 0.152429,
"3": 0.192185,
"4": 0.191059,
"5": 0.189962,
"6": 0.262080,
"7": 0.157343,
"8": 0.186519,
"9": 0.129785,
"10": 0.118925
}