{
"1": 0.142713,
"2": 0.152569,
"3": 0.192096,
"4": 0.191348,
"5": 0.190060,
"6": 0.262395,
"7": 0.157458,
"8": 0.186748,
"9": 0.129840,
"10": 0.119047
}