{
"1": 0.572273,
"2": 0.512490,
"3": 0.585270,
"4": 0.507556,
"5": 0.540478,
"6": 0.449778,
"7": 0.326573,
"8": 0.374676,
"9": 0.396258,
"10": 0.304125
}