{
"1": 0.229276,
"2": 0.243037,
"3": 0.324495,
"4": 0.311594,
"5": 0.311074,
"6": 0.421259,
"7": 0.245589,
"8": 0.284818,
"9": 0.212194,
"10": 0.192190
}