{
"1": 0.229566,
"2": 0.243228,
"3": 0.324726,
"4": 0.311849,
"5": 0.311310,
"6": 0.421521,
"7": 0.245783,
"8": 0.285043,
"9": 0.212301,
"10": 0.192345
}