{
"1": 0.496060,
"2": 0.511076,
"3": 0.570824,
"4": 0.511420,
"5": 0.531893,
"6": 0.522184,
"7": 0.455038,
"8": 0.513331,
"9": 0.460367,
"10": 0.416794
}