{
"1": 0.142642,
"2": 0.152466,
"3": 0.191959,
"4": 0.191200,
"5": 0.190024,
"6": 0.262242,
"7": 0.157433,
"8": 0.186722,
"9": 0.129827,
"10": 0.118972
}