{
"1": 0.462601,
"2": 0.326265,
"3": 0.341753,
"4": 0.273446,
"5": 0.287004,
"6": 0.176732,
"7": 0.219108,
"8": 0.232584,
"9": 0.226541,
"10": 0.197794
}