{
"1": 0.276977,
"2": 0.291607,
"3": 0.341704,
"4": 0.311969,
"5": 0.324701,
"6": 0.359946,
"7": 0.268634,
"8": 0.231860,
"9": 0.259160,
"10": 0.222956
}