{
"1": 0.435496,
"2": 0.449640,
"3": 0.530488,
"4": 0.478140,
"5": 0.507745,
"6": 0.516804,
"7": 0.430652,
"8": 0.518984,
"9": 0.416338,
"10": 0.387374
}