{
"1": 0.885635,
"2": 0.883280,
"3": 0.875722,
"4": 0.874525,
"5": 0.868907,
"6": 0.866440,
"7": 0.871261,
"8": 0.860212,
"9": 0.845156,
"10": 0.819756,
"11": 0.820744,
"12": 0.812213,
"13": 0.791481,
"14": 0.805174,
"15": 0.797942,
"16": 0.709859,
"17": 0.748025,
"18": 0.790756,
"19": 0.780309,
"20": 0.809973,
"21": 0.768582,
"22": 0.745679,
"23": 0.732296,
"24": 0.759306,
"25": 0.758882,
"26": 0.804668,
"27": 0.746474,
"28": 0.770763,
"29": 0.725620,
"30": 0.688832,
"31": 0.762788,
"32": 0.736598,
"33": 0.750483,
"34": 0.732685,
"35": 0.641933,
"36": 0.665228,
"37": 0.723979,
"38": 0.721624,
"39": 0.783540,
"40": 0.715686,
"41": 0.724352,
"42": 0.783769,
"43": 0.739558,
"44": 0.729797,
"45": 0.714787,
"46": 0.756586,
"47": 0.735802,
"48": 0.738830,
"49": 0.722217,
"50": 0.597192,
"51": 0.632309,
"52": 0.605536,
"53": 0.627883,
"54": 0.670952,
"55": 0.666892,
"56": 0.698921,
"57": 0.710988,
"58": 0.717097,
"59": 0.688660,
"60": 0.708768,
"61": 0.778048,
"62": 0.654083,
"63": 0.690364,
"64": 0.715645,
"65": 0.702200,
"66": 0.681113,
"67": 0.733620,
"68": 0.722154,
"69": 0.717085,
"70": 0.728104,
"71": 0.713596,
"72": 0.721735,
"73": 0.743920,
"74": 0.734480,
"75": 0.735246,
"76": 0.742512,
"77": 0.682530,
"78": 0.733172,
"79": 0.760795,
"80": 0.784598,
"81": 0.720324,
"82": 0.672675,
"83": 0.750724,
"84": 0.738028,
"85": 0.708305,
"86": 0.693266,
"87": 0.718806,
"88": 0.752058,
"89": 0.762360,
"90": 0.748787,
"91": 0.757389,
"92": 0.730131,
"93": 0.732516,
"94": 0.747474,
"95": 0.692574,
"96": 0.742365,
"97": 0.710223,
"98": 0.742230,
"99": 0.751622,
"100": 0.751604
}