{
"1": 0.887238,
"2": 0.886989,
"3": 0.879782,
"4": 0.877019,
"5": 0.872772,
"6": 0.874031,
"7": 0.869668,
"8": 0.863615,
"9": 0.845156,
"10": 0.824151,
"11": 0.825327,
"12": 0.814245,
"13": 0.791418,
"14": 0.805704,
"15": 0.799052,
"16": 0.728936,
"17": 0.780768,
"18": 0.805481,
"19": 0.786078,
"20": 0.812519,
"21": 0.774864,
"22": 0.767038,
"23": 0.737390,
"24": 0.761463,
"25": 0.771366,
"26": 0.804197,
"27": 0.749026,
"28": 0.718511,
"29": 0.736180,
"30": 0.705452,
"31": 0.775157,
"32": 0.773490,
"33": 0.784056,
"34": 0.749951,
"35": 0.692497,
"36": 0.738662,
"37": 0.757631,
"38": 0.710474,
"39": 0.813582,
"40": 0.719217,
"41": 0.754078,
"42": 0.787739,
"43": 0.777346,
"44": 0.784459,
"45": 0.744840,
"46": 0.772326,
"47": 0.743730,
"48": 0.726392,
"49": 0.650112,
"50": 0.605917,
"51": 0.614521,
"52": 0.601843,
"53": 0.568341,
"54": 0.679202,
"55": 0.682890,
"56": 0.713404,
"57": 0.693088,
"58": 0.716722,
"59": 0.700487,
"60": 0.713281,
"61": 0.756288,
"62": 0.671845,
"63": 0.694601,
"64": 0.768382,
"65": 0.705100,
"66": 0.701987,
"67": 0.732362,
"68": 0.730777,
"69": 0.722666,
"70": 0.700318,
"71": 0.722938,
"72": 0.727212,
"73": 0.736759,
"74": 0.732983,
"75": 0.722398,
"76": 0.726952,
"77": 0.700792,
"78": 0.737593,
"79": 0.752581,
"80": 0.764418,
"81": 0.732474,
"82": 0.698883,
"83": 0.749696,
"84": 0.740931,
"85": 0.725610,
"86": 0.706129,
"87": 0.731757,
"88": 0.766880,
"89": 0.783496,
"90": 0.761139,
"91": 0.767775,
"92": 0.722640,
"93": 0.744506,
"94": 0.750975,
"95": 0.694964,
"96": 0.726080,
"97": 0.698846,
"98": 0.734576,
"99": 0.756178,
"100": 0.756814
}