{
"1": 0.872537,
"2": 0.876556,
"3": 0.866682,
"4": 0.872538,
"5": 0.860686,
"6": 0.856969,
"7": 0.859151,
"8": 0.857151,
"9": 0.847134,
"10": 0.815438,
"11": 0.798742,
"12": 0.810403,
"13": 0.777841,
"14": 0.799050,
"15": 0.790805,
"16": 0.690344,
"17": 0.719461,
"18": 0.772435,
"19": 0.768057,
"20": 0.801083,
"21": 0.748933,
"22": 0.729970,
"23": 0.715657,
"24": 0.759475,
"25": 0.745506,
"26": 0.783535,
"27": 0.717515,
"28": 0.735533,
"29": 0.713734,
"30": 0.669653,
"31": 0.714283,
"32": 0.699504,
"33": 0.716225,
"34": 0.622420,
"35": 0.600856,
"36": 0.606982,
"37": 0.619156,
"38": 0.626001,
"39": 0.715338,
"40": 0.613037,
"41": 0.611752,
"42": 0.687521,
"43": 0.686191,
"44": 0.634371,
"45": 0.650472,
"46": 0.668546,
"47": 0.662229,
"48": 0.669033,
"49": 0.610506,
"50": 0.532628,
"51": 0.565113,
"52": 0.563558,
"53": 0.554823,
"54": 0.593445,
"55": 0.607030,
"56": 0.607893,
"57": 0.642696,
"58": 0.629772,
"59": 0.614048,
"60": 0.650465,
"61": 0.687806,
"62": 0.587238,
"63": 0.657908,
"64": 0.694675,
"65": 0.640283,
"66": 0.689899,
"67": 0.670034,
"68": 0.676303,
"69": 0.692342,
"70": 0.682873,
"71": 0.671921,
"72": 0.690411,
"73": 0.722034,
"74": 0.718648,
"75": 0.726599,
"76": 0.712802,
"77": 0.677824,
"78": 0.730614,
"79": 0.759456,
"80": 0.773086,
"81": 0.704557,
"82": 0.701571,
"83": 0.758494,
"84": 0.734021,
"85": 0.713175,
"86": 0.675535,
"87": 0.738021,
"88": 0.735036,
"89": 0.751337,
"90": 0.735348,
"91": 0.738217,
"92": 0.723770,
"93": 0.725238,
"94": 0.734169,
"95": 0.700753,
"96": 0.731278,
"97": 0.694088,
"98": 0.725290,
"99": 0.753655,
"100": 0.733613
}