{
"1": 0.868039,
"2": 0.863065,
"3": 0.862979,
"4": 0.866563,
"5": 0.845094,
"6": 0.848618,
"7": 0.843680,
"8": 0.843540,
"9": 0.836929,
"10": 0.798861,
"11": 0.790542,
"12": 0.799421,
"13": 0.763713,
"14": 0.783463,
"15": 0.780808,
"16": 0.684117,
"17": 0.698501,
"18": 0.763518,
"19": 0.742009,
"20": 0.791598,
"21": 0.745082,
"22": 0.717061,
"23": 0.700420,
"24": 0.720123,
"25": 0.726778,
"26": 0.771887,
"27": 0.688849,
"28": 0.716610,
"29": 0.678081,
"30": 0.630041,
"31": 0.653942,
"32": 0.674798,
"33": 0.633141,
"34": 0.555783,
"35": 0.507737,
"36": 0.575792,
"37": 0.567962,
"38": 0.511888,
"39": 0.609537,
"40": 0.498760,
"41": 0.532402,
"42": 0.567286,
"43": 0.612291,
"44": 0.515223,
"45": 0.566517,
"46": 0.597013,
"47": 0.626189,
"48": 0.560916,
"49": 0.435061,
"50": 0.392303,
"51": 0.471045,
"52": 0.415847,
"53": 0.414795,
"54": 0.494186,
"55": 0.525991,
"56": 0.532050,
"57": 0.551055,
"58": 0.586363,
"59": 0.562103,
"60": 0.615864,
"61": 0.650300,
"62": 0.566010,
"63": 0.662466,
"64": 0.661953,
"65": 0.606627,
"66": 0.651096,
"67": 0.630128,
"68": 0.664493,
"69": 0.691659,
"70": 0.665799,
"71": 0.655345,
"72": 0.683940,
"73": 0.707555,
"74": 0.702834,
"75": 0.718269,
"76": 0.706846,
"77": 0.644390,
"78": 0.700456,
"79": 0.734899,
"80": 0.737292,
"81": 0.682402,
"82": 0.677000,
"83": 0.753880,
"84": 0.723421,
"85": 0.705272,
"86": 0.665683,
"87": 0.721567,
"88": 0.712246,
"89": 0.736533,
"90": 0.706792,
"91": 0.716156,
"92": 0.704348,
"93": 0.713193,
"94": 0.704081,
"95": 0.701034,
"96": 0.709729,
"97": 0.676954,
"98": 0.708301,
"99": 0.722320,
"100": 0.703854
}