{
"1": 0.887238,
"2": 0.886221,
"3": 0.881307,
"4": 0.878513,
"5": 0.870404,
"6": 0.872591,
"7": 0.869668,
"8": 0.860212,
"9": 0.845156,
"10": 0.825750,
"11": 0.820826,
"12": 0.813398,
"13": 0.791418,
"14": 0.805704,
"15": 0.797942,
"16": 0.713269,
"17": 0.757462,
"18": 0.791994,
"19": 0.781577,
"20": 0.810288,
"21": 0.771203,
"22": 0.764868,
"23": 0.734162,
"24": 0.760144,
"25": 0.762976,
"26": 0.802153,
"27": 0.746270,
"28": 0.771519,
"29": 0.728344,
"30": 0.690990,
"31": 0.764958,
"32": 0.740086,
"33": 0.759793,
"34": 0.739299,
"35": 0.646448,
"36": 0.680782,
"37": 0.742324,
"38": 0.736219,
"39": 0.786860,
"40": 0.725500,
"41": 0.738464,
"42": 0.788543,
"43": 0.745371,
"44": 0.755699,
"45": 0.705445,
"46": 0.770052,
"47": 0.740583,
"48": 0.742342,
"49": 0.705837,
"50": 0.593449,
"51": 0.617476,
"52": 0.603359,
"53": 0.623046,
"54": 0.694916,
"55": 0.675717,
"56": 0.736098,
"57": 0.722588,
"58": 0.728499,
"59": 0.714075,
"60": 0.719316,
"61": 0.787104,
"62": 0.664962,
"63": 0.710733,
"64": 0.730935,
"65": 0.714651,
"66": 0.698012,
"67": 0.733263,
"68": 0.729471,
"69": 0.718352,
"70": 0.731835,
"71": 0.722425,
"72": 0.734774,
"73": 0.746693,
"74": 0.738128,
"75": 0.740634,
"76": 0.725869,
"77": 0.685535,
"78": 0.732848,
"79": 0.759650,
"80": 0.783950,
"81": 0.719206,
"82": 0.673485,
"83": 0.749688,
"84": 0.742177,
"85": 0.711454,
"86": 0.700654,
"87": 0.720021,
"88": 0.756038,
"89": 0.765329,
"90": 0.751216,
"91": 0.758036,
"92": 0.732920,
"93": 0.732051,
"94": 0.751176,
"95": 0.694682,
"96": 0.747004,
"97": 0.719162,
"98": 0.740516,
"99": 0.750307,
"100": 0.754748
}