{
"1": 0.887238,
"2": 0.886989,
"3": 0.879782,
"4": 0.877019,
"5": 0.873860,
"6": 0.876488,
"7": 0.869668,
"8": 0.863615,
"9": 0.845768,
"10": 0.824739,
"11": 0.825473,
"12": 0.814245,
"13": 0.791418,
"14": 0.808116,
"15": 0.799836,
"16": 0.729384,
"17": 0.781808,
"18": 0.820618,
"19": 0.798824,
"20": 0.824986,
"21": 0.779519,
"22": 0.767097,
"23": 0.737390,
"24": 0.766380,
"25": 0.776052,
"26": 0.804944,
"27": 0.754080,
"28": 0.721355,
"29": 0.741987,
"30": 0.717742,
"31": 0.788533,
"32": 0.776010,
"33": 0.795448,
"34": 0.763921,
"35": 0.708718,
"36": 0.760107,
"37": 0.782565,
"38": 0.718824,
"39": 0.812011,
"40": 0.736353,
"41": 0.783027,
"42": 0.790188,
"43": 0.777587,
"44": 0.742344,
"45": 0.768992,
"46": 0.773029,
"47": 0.744532,
"48": 0.736531,
"49": 0.645864,
"50": 0.593495,
"51": 0.604859,
"52": 0.617665,
"53": 0.549774,
"54": 0.654839,
"55": 0.697084,
"56": 0.657121,
"57": 0.702096,
"58": 0.683901,
"59": 0.658836,
"60": 0.711348,
"61": 0.749442,
"62": 0.671477,
"63": 0.689795,
"64": 0.731912,
"65": 0.709759,
"66": 0.711607,
"67": 0.734392,
"68": 0.708313,
"69": 0.731359,
"70": 0.677005,
"71": 0.721491,
"72": 0.712448,
"73": 0.739480,
"74": 0.734677,
"75": 0.733800,
"76": 0.728565,
"77": 0.716524,
"78": 0.717592,
"79": 0.757411,
"80": 0.767819,
"81": 0.746398,
"82": 0.701087,
"83": 0.747824,
"84": 0.740169,
"85": 0.726426,
"86": 0.708499,
"87": 0.734491,
"88": 0.775552,
"89": 0.780256,
"90": 0.766731,
"91": 0.764860,
"92": 0.726265,
"93": 0.747867,
"94": 0.750125,
"95": 0.699473,
"96": 0.712146,
"97": 0.701561,
"98": 0.722330,
"99": 0.763639,
"100": 0.764027
}