{
"1": 0.887238,
"2": 0.886989,
"3": 0.879782,
"4": 0.877019,
"5": 0.870404,
"6": 0.871693,
"7": 0.869668,
"8": 0.860212,
"9": 0.845156,
"10": 0.824419,
"11": 0.826517,
"12": 0.814245,
"13": 0.791418,
"14": 0.805704,
"15": 0.799052,
"16": 0.716090,
"17": 0.774405,
"18": 0.798821,
"19": 0.781745,
"20": 0.811353,
"21": 0.770792,
"22": 0.760841,
"23": 0.736424,
"24": 0.760434,
"25": 0.770124,
"26": 0.801880,
"27": 0.748045,
"28": 0.769049,
"29": 0.735267,
"30": 0.702237,
"31": 0.769701,
"32": 0.758605,
"33": 0.768519,
"34": 0.741489,
"35": 0.659465,
"36": 0.722358,
"37": 0.749171,
"38": 0.696995,
"39": 0.797325,
"40": 0.717596,
"41": 0.746957,
"42": 0.787095,
"43": 0.764283,
"44": 0.776696,
"45": 0.717564,
"46": 0.764377,
"47": 0.746846,
"48": 0.741426,
"49": 0.667482,
"50": 0.590514,
"51": 0.605794,
"52": 0.606938,
"53": 0.593813,
"54": 0.701682,
"55": 0.694599,
"56": 0.737442,
"57": 0.719891,
"58": 0.735021,
"59": 0.734476,
"60": 0.721291,
"61": 0.780289,
"62": 0.667047,
"63": 0.727256,
"64": 0.759795,
"65": 0.715121,
"66": 0.707465,
"67": 0.725784,
"68": 0.736796,
"69": 0.716861,
"70": 0.737533,
"71": 0.728944,
"72": 0.736318,
"73": 0.745416,
"74": 0.737433,
"75": 0.738884,
"76": 0.728033,
"77": 0.686327,
"78": 0.734956,
"79": 0.744115,
"80": 0.762210,
"81": 0.730411,
"82": 0.690762,
"83": 0.747913,
"84": 0.741010,
"85": 0.714953,
"86": 0.705462,
"87": 0.722909,
"88": 0.758491,
"89": 0.778361,
"90": 0.756276,
"91": 0.764433,
"92": 0.734450,
"93": 0.735586,
"94": 0.753002,
"95": 0.695104,
"96": 0.743619,
"97": 0.717465,
"98": 0.728919,
"99": 0.753212,
"100": 0.756010
}