{
"1": 0.887238,
"2": 0.886989,
"3": 0.879782,
"4": 0.877019,
"5": 0.872772,
"6": 0.874145,
"7": 0.869668,
"8": 0.863615,
"9": 0.845156,
"10": 0.824062,
"11": 0.825327,
"12": 0.814245,
"13": 0.791418,
"14": 0.805704,
"15": 0.799052,
"16": 0.728936,
"17": 0.780768,
"18": 0.805378,
"19": 0.786768,
"20": 0.812519,
"21": 0.775928,
"22": 0.767010,
"23": 0.737390,
"24": 0.761582,
"25": 0.771366,
"26": 0.804110,
"27": 0.749026,
"28": 0.718511,
"29": 0.736180,
"30": 0.705355,
"31": 0.775358,
"32": 0.773796,
"33": 0.784441,
"34": 0.749951,
"35": 0.693879,
"36": 0.739144,
"37": 0.758127,
"38": 0.712439,
"39": 0.812718,
"40": 0.721468,
"41": 0.754275,
"42": 0.787739,
"43": 0.777611,
"44": 0.784743,
"45": 0.745230,
"46": 0.772218,
"47": 0.743730,
"48": 0.726431,
"49": 0.650371,
"50": 0.605887,
"51": 0.613990,
"52": 0.601190,
"53": 0.568128,
"54": 0.679118,
"55": 0.683511,
"56": 0.691370,
"57": 0.692636,
"58": 0.716413,
"59": 0.698482,
"60": 0.713532,
"61": 0.754968,
"62": 0.672742,
"63": 0.694067,
"64": 0.769315,
"65": 0.704884,
"66": 0.702062,
"67": 0.732362,
"68": 0.730163,
"69": 0.722684,
"70": 0.700442,
"71": 0.723223,
"72": 0.726308,
"73": 0.736621,
"74": 0.733099,
"75": 0.722859,
"76": 0.726968,
"77": 0.700784,
"78": 0.737708,
"79": 0.752853,
"80": 0.764492,
"81": 0.736357,
"82": 0.698913,
"83": 0.749708,
"84": 0.740857,
"85": 0.725676,
"86": 0.706148,
"87": 0.731588,
"88": 0.767122,
"89": 0.784393,
"90": 0.761240,
"91": 0.767909,
"92": 0.723150,
"93": 0.744628,
"94": 0.751096,
"95": 0.695138,
"96": 0.725688,
"97": 0.699099,
"98": 0.715595,
"99": 0.756423,
"100": 0.756798
}