{
"1": 0.887238,
"2": 0.886989,
"3": 0.879782,
"4": 0.877019,
"5": 0.873860,
"6": 0.876272,
"7": 0.869668,
"8": 0.863615,
"9": 0.845768,
"10": 0.824994,
"11": 0.825473,
"12": 0.814245,
"13": 0.791418,
"14": 0.808116,
"15": 0.800642,
"16": 0.729384,
"17": 0.781881,
"18": 0.820618,
"19": 0.798824,
"20": 0.824986,
"21": 0.779519,
"22": 0.767097,
"23": 0.737390,
"24": 0.766380,
"25": 0.776165,
"26": 0.804944,
"27": 0.753044,
"28": 0.721355,
"29": 0.742588,
"30": 0.718617,
"31": 0.790077,
"32": 0.776907,
"33": 0.795811,
"34": 0.763921,
"35": 0.709342,
"36": 0.760050,
"37": 0.783269,
"38": 0.719276,
"39": 0.812011,
"40": 0.743955,
"41": 0.781427,
"42": 0.790188,
"43": 0.777454,
"44": 0.741797,
"45": 0.770044,
"46": 0.773029,
"47": 0.744532,
"48": 0.737276,
"49": 0.645864,
"50": 0.595941,
"51": 0.602931,
"52": 0.618463,
"53": 0.551052,
"54": 0.654839,
"55": 0.695468,
"56": 0.656344,
"57": 0.699297,
"58": 0.683768,
"59": 0.658841,
"60": 0.711662,
"61": 0.749587,
"62": 0.670809,
"63": 0.689820,
"64": 0.731900,
"65": 0.710064,
"66": 0.711728,
"67": 0.734251,
"68": 0.708313,
"69": 0.733290,
"70": 0.677118,
"71": 0.721491,
"72": 0.680161,
"73": 0.739594,
"74": 0.735326,
"75": 0.731182,
"76": 0.728915,
"77": 0.716513,
"78": 0.717599,
"79": 0.756978,
"80": 0.767908,
"81": 0.746285,
"82": 0.701507,
"83": 0.747749,
"84": 0.740141,
"85": 0.726481,
"86": 0.708601,
"87": 0.734794,
"88": 0.776116,
"89": 0.780071,
"90": 0.766646,
"91": 0.764656,
"92": 0.725743,
"93": 0.747970,
"94": 0.750125,
"95": 0.699631,
"96": 0.712261,
"97": 0.686276,
"98": 0.722827,
"99": 0.764830,
"100": 0.764692
}