{
"1": 0.494744,
"2": 0.415869,
"3": 0.392696,
"4": 0.395568,
"5": 0.382923,
"6": 0.387058,
"7": 0.381578,
"8": 0.377363,
"9": 0.362868,
"10": 0.349721,
"11": 0.352008,
"12": 0.343019,
"13": 0.335228,
"14": 0.344316,
"15": 0.336691,
"16": 0.293514,
"17": 0.289143,
"18": 0.309161,
"19": 0.300615,
"20": 0.323789,
"21": 0.304985,
"22": 0.297431,
"23": 0.285962,
"24": 0.306325,
"25": 0.266529,
"26": 0.269509,
"27": 0.229593,
"28": 0.270007,
"29": 0.239981,
"30": 0.239969,
"31": 0.255035,
"32": 0.250927,
"33": 0.254005,
"34": 0.270883,
"35": 0.230637,
"36": 0.214593,
"37": 0.241262,
"38": 0.230948,
"39": 0.259567,
"40": 0.228725,
"41": 0.251300,
"42": 0.259673,
"43": 0.267023,
"44": 0.277702,
"45": 0.307681,
"46": 0.289679,
"47": 0.314385,
"48": 0.257955,
"49": 0.274200,
"50": 0.248164,
"51": 0.272403,
"52": 0.285403,
"53": 0.259259,
"54": 0.290754,
"55": 0.304679,
"56": 0.300918,
"57": 0.296228,
"58": 0.288451,
"59": 0.291095,
"60": 0.331682,
"61": 0.299798,
"62": 0.306499,
"63": 0.300683,
"64": 0.331023,
"65": 0.309038,
"66": 0.347966,
"67": 0.318051,
"68": 0.333464,
"69": 0.363358,
"70": 0.362736,
"71": 0.420798,
"72": 0.421070,
"73": 0.332594,
"74": 0.333388,
"75": 0.361262,
"76": 0.365678,
"77": 0.329191,
"78": 0.376359,
"79": 0.380174,
"80": 0.361352,
"81": 0.305689,
"82": 0.316643,
"83": 0.346035,
"84": 0.326493,
"85": 0.334432,
"86": 0.312714,
"87": 0.304187,
"88": 0.271312,
"89": 0.284437,
"90": 0.293553,
"91": 0.305239,
"92": 0.300874,
"93": 0.325129,
"94": 0.305451,
"95": 0.319108,
"96": 0.320676,
"97": 0.315409,
"98": 0.312982,
"99": 0.349137,
"100": 0.330716
}