{
"1": 0.797329,
"2": 0.796927,
"3": 0.785367,
"4": 0.780973,
"5": 0.775978,
"6": 0.780133,
"7": 0.769392,
"8": 0.759968,
"9": 0.732754,
"10": 0.701750,
"11": 0.702813,
"12": 0.686689,
"13": 0.654832,
"14": 0.678015,
"15": 0.666439,
"16": 0.574040,
"17": 0.641778,
"18": 0.695803,
"19": 0.665035,
"20": 0.702107,
"21": 0.638698,
"22": 0.622188,
"23": 0.584020,
"24": 0.621245,
"25": 0.634057,
"26": 0.673561,
"27": 0.605240,
"28": 0.564156,
"29": 0.589809,
"30": 0.559749,
"31": 0.650891,
"32": 0.634000,
"33": 0.660368,
"34": 0.618020,
"35": 0.548848,
"36": 0.613042,
"37": 0.642799,
"38": 0.561066,
"39": 0.683517,
"40": 0.582721,
"41": 0.643422,
"42": 0.653150,
"43": 0.636108,
"44": 0.590260,
"45": 0.624685,
"46": 0.630031,
"47": 0.593031,
"48": 0.582944,
"49": 0.476956,
"50": 0.421965,
"51": 0.433547,
"52": 0.446827,
"53": 0.379096,
"54": 0.486811,
"55": 0.535018,
"56": 0.489337,
"57": 0.540946,
"58": 0.519642,
"59": 0.491242,
"60": 0.552009,
"61": 0.599286,
"62": 0.505431,
"63": 0.526478,
"64": 0.577177,
"65": 0.550098,
"66": 0.552322,
"67": 0.580269,
"68": 0.548363,
"69": 0.576490,
"70": 0.511722,
"71": 0.564323,
"72": 0.553335,
"73": 0.586646,
"74": 0.580624,
"75": 0.579529,
"76": 0.573026,
"77": 0.558268,
"78": 0.559567,
"79": 0.609542,
"80": 0.623138,
"81": 0.595403,
"82": 0.539750,
"83": 0.597220,
"84": 0.587515,
"85": 0.570384,
"86": 0.548585,
"87": 0.580391,
"88": 0.633390,
"89": 0.639689,
"90": 0.621707,
"91": 0.619249,
"92": 0.570185,
"93": 0.597274,
"94": 0.600160,
"95": 0.537838,
"96": 0.552971,
"97": 0.540311,
"98": 0.565349,
"99": 0.617650,
"100": 0.618158
}