{
"1": 0.766845,
"2": 0.759116,
"3": 0.758983,
"4": 0.764545,
"5": 0.731742,
"6": 0.737043,
"7": 0.729626,
"8": 0.729415,
"9": 0.719585,
"10": 0.665086,
"11": 0.653633,
"12": 0.665863,
"13": 0.617747,
"14": 0.644011,
"15": 0.640430,
"16": 0.519892,
"17": 0.536690,
"18": 0.617493,
"19": 0.589836,
"20": 0.655078,
"21": 0.593729,
"22": 0.558921,
"23": 0.538958,
"24": 0.562651,
"25": 0.570817,
"26": 0.628514,
"27": 0.525377,
"28": 0.558373,
"29": 0.512952,
"30": 0.459898,
"31": 0.485820,
"32": 0.509204,
"33": 0.463209,
"34": 0.384834,
"35": 0.340247,
"36": 0.404290,
"37": 0.396611,
"38": 0.343985,
"39": 0.438370,
"40": 0.332232,
"41": 0.362771,
"42": 0.395952,
"43": 0.441224,
"44": 0.347003,
"45": 0.395203,
"46": 0.425530,
"47": 0.455804,
"48": 0.389773,
"49": 0.278005,
"50": 0.244016,
"51": 0.308083,
"52": 0.262504,
"53": 0.261667,
"54": 0.328185,
"55": 0.356844,
"56": 0.362444,
"57": 0.380315,
"58": 0.414791,
"59": 0.390921,
"60": 0.444945,
"61": 0.481811,
"62": 0.394710,
"63": 0.495289,
"64": 0.494716,
"65": 0.435366,
"66": 0.482685,
"67": 0.459990,
"68": 0.497559,
"69": 0.528653,
"70": 0.499025,
"71": 0.487370,
"72": 0.519688,
"73": 0.547455,
"74": 0.541822,
"75": 0.560390,
"76": 0.546607,
"77": 0.475351,
"78": 0.539001,
"79": 0.580901,
"80": 0.583897,
"81": 0.517913,
"82": 0.511716,
"83": 0.604982,
"84": 0.566688,
"85": 0.544726,
"86": 0.498894,
"87": 0.564415,
"88": 0.553091,
"89": 0.582945,
"90": 0.546541,
"91": 0.557822,
"92": 0.543625,
"93": 0.554235,
"94": 0.543306,
"95": 0.539686,
"96": 0.550062,
"97": 0.511663,
"98": 0.548348,
"99": 0.565338,
"100": 0.543036
}