{
"1": 0.797329,
"2": 0.796927,
"3": 0.785367,
"4": 0.780973,
"5": 0.770544,
"6": 0.772567,
"7": 0.769392,
"8": 0.754712,
"9": 0.731835,
"10": 0.701286,
"11": 0.704327,
"12": 0.686689,
"13": 0.654832,
"14": 0.674627,
"15": 0.665352,
"16": 0.557741,
"17": 0.631861,
"18": 0.665031,
"19": 0.641692,
"20": 0.682586,
"21": 0.627064,
"22": 0.613997,
"23": 0.582810,
"24": 0.613468,
"25": 0.626180,
"26": 0.669282,
"27": 0.597502,
"28": 0.624761,
"29": 0.581361,
"30": 0.541114,
"31": 0.625621,
"32": 0.611091,
"33": 0.624061,
"34": 0.589180,
"35": 0.491942,
"36": 0.565383,
"37": 0.598939,
"38": 0.534913,
"39": 0.662960,
"40": 0.559571,
"41": 0.596114,
"42": 0.648933,
"43": 0.618494,
"44": 0.634916,
"45": 0.559532,
"46": 0.618617,
"47": 0.595973,
"48": 0.589100,
"49": 0.500918,
"50": 0.418957,
"51": 0.434509,
"52": 0.435687,
"53": 0.422286,
"54": 0.540454,
"55": 0.532097,
"56": 0.584086,
"57": 0.562367,
"58": 0.581054,
"59": 0.580373,
"60": 0.564077,
"61": 0.639733,
"62": 0.500428,
"63": 0.571408,
"64": 0.612636,
"65": 0.556567,
"66": 0.547347,
"67": 0.569593,
"68": 0.583275,
"69": 0.558677,
"70": 0.584200,
"71": 0.573494,
"72": 0.582676,
"73": 0.594154,
"74": 0.584075,
"75": 0.585897,
"76": 0.572367,
"77": 0.522449,
"78": 0.580973,
"79": 0.592502,
"80": 0.615783,
"81": 0.575313,
"82": 0.527606,
"83": 0.597333,
"84": 0.588575,
"85": 0.556364,
"86": 0.544953,
"87": 0.566059,
"88": 0.610943,
"89": 0.637145,
"90": 0.608074,
"91": 0.618690,
"92": 0.580340,
"93": 0.581760,
"94": 0.603852,
"95": 0.532689,
"96": 0.591874,
"97": 0.559412,
"98": 0.573464,
"99": 0.604121,
"100": 0.607730
}