{
"1": 0.773895,
"2": 0.780239,
"3": 0.764730,
"4": 0.773896,
"5": 0.755442,
"6": 0.749734,
"7": 0.753080,
"8": 0.750012,
"9": 0.734807,
"10": 0.688388,
"11": 0.664922,
"12": 0.681242,
"13": 0.636448,
"14": 0.665348,
"15": 0.653992,
"16": 0.527118,
"17": 0.561842,
"18": 0.629241,
"19": 0.623452,
"20": 0.668173,
"21": 0.598636,
"22": 0.574766,
"23": 0.557216,
"24": 0.612220,
"25": 0.594269,
"26": 0.644107,
"27": 0.559473,
"28": 0.581695,
"29": 0.554888,
"30": 0.503368,
"31": 0.555552,
"32": 0.537874,
"33": 0.557906,
"34": 0.451822,
"35": 0.429445,
"36": 0.435732,
"37": 0.448390,
"38": 0.455605,
"39": 0.556830,
"40": 0.442000,
"41": 0.440665,
"42": 0.523834,
"43": 0.522291,
"44": 0.464527,
"45": 0.482000,
"46": 0.502117,
"47": 0.495024,
"48": 0.502667,
"49": 0.439373,
"50": 0.362981,
"51": 0.393838,
"52": 0.392329,
"53": 0.383914,
"54": 0.421914,
"55": 0.435781,
"56": 0.436671,
"57": 0.473509,
"58": 0.459611,
"59": 0.443051,
"60": 0.481991,
"61": 0.524165,
"62": 0.415667,
"63": 0.490210,
"64": 0.532186,
"65": 0.470894,
"66": 0.526600,
"67": 0.503798,
"68": 0.510920,
"69": 0.529451,
"70": 0.518456,
"71": 0.505934,
"72": 0.527196,
"73": 0.564987,
"74": 0.560851,
"75": 0.570598,
"76": 0.553762,
"77": 0.512658,
"78": 0.575565,
"79": 0.612196,
"80": 0.630106,
"81": 0.543873,
"82": 0.540323,
"83": 0.610946,
"84": 0.579805,
"85": 0.554213,
"86": 0.510043,
"87": 0.584812,
"88": 0.581072,
"89": 0.601713,
"90": 0.581462,
"91": 0.585059,
"92": 0.567116,
"93": 0.568920,
"94": 0.579990,
"95": 0.539353,
"96": 0.576390,
"97": 0.531497,
"98": 0.568985,
"99": 0.604693,
"100": 0.579296
}