{
"1": 0.797329,
"2": 0.796927,
"3": 0.785367,
"4": 0.780973,
"5": 0.774264,
"6": 0.776248,
"7": 0.769392,
"8": 0.759968,
"9": 0.731835,
"10": 0.700898,
"11": 0.702602,
"12": 0.686689,
"13": 0.654832,
"14": 0.674627,
"15": 0.665352,
"16": 0.573486,
"17": 0.640378,
"18": 0.674314,
"19": 0.647553,
"20": 0.684238,
"21": 0.632472,
"22": 0.622110,
"23": 0.584020,
"24": 0.614808,
"25": 0.627823,
"26": 0.672517,
"27": 0.598755,
"28": 0.560685,
"29": 0.582504,
"30": 0.544941,
"31": 0.632863,
"32": 0.630643,
"33": 0.644813,
"34": 0.599937,
"35": 0.529633,
"36": 0.585618,
"37": 0.609828,
"38": 0.550957,
"39": 0.685747,
"40": 0.561545,
"41": 0.605236,
"42": 0.649809,
"43": 0.635786,
"44": 0.645358,
"45": 0.593422,
"46": 0.629097,
"47": 0.592015,
"48": 0.570342,
"49": 0.481604,
"50": 0.434634,
"51": 0.443544,
"52": 0.430454,
"53": 0.396981,
"54": 0.514236,
"55": 0.518476,
"56": 0.554490,
"57": 0.530325,
"58": 0.558509,
"59": 0.539039,
"60": 0.554340,
"61": 0.608089,
"62": 0.505848,
"63": 0.532098,
"64": 0.623881,
"65": 0.544520,
"66": 0.540817,
"67": 0.577738,
"68": 0.575767,
"69": 0.565761,
"70": 0.538838,
"71": 0.566094,
"72": 0.571354,
"73": 0.583229,
"74": 0.578511,
"75": 0.565432,
"76": 0.571032,
"77": 0.539400,
"78": 0.584275,
"79": 0.603311,
"80": 0.618671,
"81": 0.577877,
"82": 0.537140,
"83": 0.599610,
"84": 0.588475,
"85": 0.569379,
"86": 0.545750,
"87": 0.576985,
"88": 0.621902,
"89": 0.644055,
"90": 0.614386,
"91": 0.623080,
"92": 0.565729,
"93": 0.592999,
"94": 0.601249,
"95": 0.532525,
"96": 0.569957,
"97": 0.537097,
"98": 0.580498,
"99": 0.607947,
"100": 0.608770
}