{
"1": 0.797329,
"2": 0.795688,
"3": 0.787801,
"4": 0.783346,
"5": 0.770544,
"6": 0.773979,
"7": 0.769392,
"8": 0.754712,
"9": 0.731835,
"10": 0.703214,
"11": 0.696103,
"12": 0.685484,
"13": 0.654832,
"14": 0.674627,
"15": 0.663813,
"16": 0.554326,
"17": 0.609608,
"18": 0.655621,
"19": 0.641466,
"20": 0.681079,
"21": 0.627609,
"22": 0.619260,
"23": 0.579981,
"24": 0.613091,
"25": 0.616784,
"26": 0.669663,
"27": 0.595240,
"28": 0.628027,
"29": 0.572752,
"30": 0.527872,
"31": 0.619378,
"32": 0.587410,
"33": 0.612634,
"34": 0.586419,
"35": 0.477594,
"36": 0.516050,
"37": 0.590235,
"38": 0.582553,
"39": 0.648615,
"40": 0.569242,
"41": 0.585368,
"42": 0.650905,
"43": 0.594096,
"44": 0.607328,
"45": 0.544932,
"46": 0.626085,
"47": 0.588036,
"48": 0.590258,
"49": 0.545400,
"50": 0.421917,
"51": 0.446629,
"52": 0.432007,
"53": 0.452482,
"54": 0.532468,
"55": 0.510251,
"56": 0.582401,
"57": 0.565665,
"58": 0.572944,
"59": 0.555300,
"60": 0.561665,
"61": 0.648947,
"62": 0.498085,
"63": 0.551269,
"64": 0.575963,
"65": 0.555997,
"66": 0.536113,
"67": 0.578859,
"68": 0.574148,
"69": 0.560490,
"70": 0.577082,
"71": 0.565466,
"72": 0.580746,
"73": 0.595778,
"74": 0.584947,
"75": 0.588101,
"76": 0.569698,
"77": 0.521531,
"78": 0.578342,
"79": 0.612448,
"80": 0.644670,
"81": 0.561531,
"82": 0.507710,
"83": 0.599601,
"84": 0.590048,
"85": 0.552137,
"86": 0.539235,
"87": 0.562526,
"88": 0.607766,
"89": 0.619864,
"90": 0.601558,
"91": 0.610353,
"92": 0.578433,
"93": 0.577351,
"94": 0.601507,
"95": 0.532193,
"96": 0.596175,
"97": 0.561478,
"98": 0.587951,
"99": 0.600393,
"100": 0.606101
}