{
"1": 0.797329,
"2": 0.796927,
"3": 0.785367,
"4": 0.780973,
"5": 0.774264,
"6": 0.776428,
"7": 0.769392,
"8": 0.759968,
"9": 0.731835,
"10": 0.700770,
"11": 0.702602,
"12": 0.686689,
"13": 0.654832,
"14": 0.674627,
"15": 0.665352,
"16": 0.573486,
"17": 0.640378,
"18": 0.674170,
"19": 0.648489,
"20": 0.684238,
"21": 0.633890,
"22": 0.622074,
"23": 0.584020,
"24": 0.614963,
"25": 0.627823,
"26": 0.672395,
"27": 0.598755,
"28": 0.560685,
"29": 0.582504,
"30": 0.544825,
"31": 0.633130,
"32": 0.631050,
"33": 0.645333,
"34": 0.599937,
"35": 0.531252,
"36": 0.586224,
"37": 0.610470,
"38": 0.553325,
"39": 0.684520,
"40": 0.564294,
"41": 0.605491,
"42": 0.649809,
"43": 0.636141,
"44": 0.645742,
"45": 0.593917,
"46": 0.628954,
"47": 0.592015,
"48": 0.570390,
"49": 0.481889,
"50": 0.434604,
"51": 0.442991,
"52": 0.429787,
"53": 0.396773,
"54": 0.514139,
"55": 0.519193,
"56": 0.528316,
"57": 0.529796,
"58": 0.558133,
"59": 0.536667,
"60": 0.554644,
"61": 0.606385,
"62": 0.506866,
"63": 0.531472,
"64": 0.625111,
"65": 0.544263,
"66": 0.540906,
"67": 0.577738,
"68": 0.575005,
"69": 0.565783,
"70": 0.538985,
"71": 0.566444,
"72": 0.570238,
"73": 0.583056,
"74": 0.578656,
"75": 0.565998,
"76": 0.571052,
"77": 0.539390,
"78": 0.584419,
"79": 0.603660,
"80": 0.618767,
"81": 0.582725,
"82": 0.537176,
"83": 0.599627,
"84": 0.588382,
"85": 0.569460,
"86": 0.545772,
"87": 0.576775,
"88": 0.622221,
"89": 0.645269,
"90": 0.614518,
"91": 0.623256,
"92": 0.566355,
"93": 0.593153,
"94": 0.601405,
"95": 0.532729,
"96": 0.569475,
"97": 0.537397,
"98": 0.557141,
"99": 0.608264,
"100": 0.608748
}