{
"1": 0.797329,
"2": 0.796927,
"3": 0.785367,
"4": 0.780973,
"5": 0.775978,
"6": 0.779789,
"7": 0.769392,
"8": 0.759968,
"9": 0.732754,
"10": 0.702119,
"11": 0.702813,
"12": 0.686689,
"13": 0.654832,
"14": 0.678015,
"15": 0.667559,
"16": 0.574040,
"17": 0.641876,
"18": 0.695803,
"19": 0.665035,
"20": 0.702107,
"21": 0.638698,
"22": 0.622188,
"23": 0.584020,
"24": 0.621245,
"25": 0.634207,
"26": 0.673561,
"27": 0.603906,
"28": 0.564156,
"29": 0.590568,
"30": 0.560814,
"31": 0.652998,
"32": 0.635199,
"33": 0.660869,
"34": 0.618020,
"35": 0.549597,
"36": 0.612969,
"37": 0.643749,
"38": 0.561616,
"39": 0.683517,
"40": 0.592300,
"41": 0.641264,
"42": 0.653150,
"43": 0.635931,
"44": 0.589568,
"45": 0.626074,
"46": 0.630031,
"47": 0.593031,
"48": 0.583877,
"49": 0.476956,
"50": 0.424441,
"51": 0.431568,
"52": 0.447663,
"53": 0.380312,
"54": 0.486811,
"55": 0.533117,
"56": 0.488476,
"57": 0.537630,
"58": 0.519489,
"59": 0.491248,
"60": 0.552387,
"61": 0.599472,
"62": 0.504674,
"63": 0.526507,
"64": 0.577163,
"65": 0.550464,
"66": 0.552467,
"67": 0.580092,
"68": 0.548363,
"69": 0.578893,
"70": 0.511851,
"71": 0.564323,
"72": 0.515336,
"73": 0.586791,
"74": 0.581435,
"75": 0.576270,
"76": 0.573458,
"77": 0.558255,
"78": 0.559575,
"79": 0.608981,
"80": 0.623256,
"81": 0.595260,
"82": 0.540247,
"83": 0.597124,
"84": 0.587479,
"85": 0.570451,
"86": 0.548708,
"87": 0.580771,
"88": 0.634142,
"89": 0.639440,
"90": 0.621594,
"91": 0.618982,
"92": 0.569542,
"93": 0.597406,
"94": 0.600160,
"95": 0.538025,
"96": 0.553110,
"97": 0.522390,
"98": 0.565958,
"99": 0.619210,
"100": 0.619029
}