{
"1": 0.328678,
"2": 0.262522,
"3": 0.244319,
"4": 0.246547,
"5": 0.236800,
"6": 0.239970,
"7": 0.235772,
"8": 0.232562,
"9": 0.221649,
"10": 0.211917,
"11": 0.213598,
"12": 0.207014,
"13": 0.201366,
"14": 0.207960,
"15": 0.202422,
"16": 0.171999,
"17": 0.169005,
"18": 0.182845,
"19": 0.176896,
"20": 0.193167,
"21": 0.179931,
"22": 0.174695,
"23": 0.166835,
"24": 0.180864,
"25": 0.153755,
"26": 0.155741,
"27": 0.129684,
"28": 0.156074,
"29": 0.136351,
"30": 0.136344,
"31": 0.146155,
"32": 0.143463,
"33": 0.145479,
"34": 0.156660,
"35": 0.130350,
"36": 0.120193,
"37": 0.137179,
"38": 0.130549,
"39": 0.149140,
"40": 0.129130,
"41": 0.143707,
"42": 0.149210,
"43": 0.154083,
"44": 0.161240,
"45": 0.181810,
"46": 0.169371,
"47": 0.186510,
"48": 0.148076,
"49": 0.158883,
"50": 0.141660,
"51": 0.157677,
"52": 0.166455,
"53": 0.148936,
"54": 0.170107,
"55": 0.179717,
"56": 0.177106,
"57": 0.173866,
"58": 0.168532,
"59": 0.170340,
"60": 0.198813,
"61": 0.176331,
"62": 0.180985,
"63": 0.176943,
"64": 0.198339,
"65": 0.182759,
"66": 0.210629,
"67": 0.189097,
"68": 0.200094,
"69": 0.222015,
"70": 0.221550,
"71": 0.266462,
"72": 0.266681,
"73": 0.199468,
"74": 0.200039,
"75": 0.220451,
"76": 0.223749,
"77": 0.197025,
"78": 0.231800,
"79": 0.234701,
"80": 0.220518,
"81": 0.180421,
"82": 0.188102,
"83": 0.209216,
"84": 0.195095,
"85": 0.200792,
"86": 0.185335,
"87": 0.179376,
"88": 0.156947,
"89": 0.165798,
"90": 0.172026,
"91": 0.180107,
"92": 0.177076,
"93": 0.194122,
"94": 0.180255,
"95": 0.189844,
"96": 0.190955,
"97": 0.187232,
"98": 0.185524,
"99": 0.211488,
"100": 0.198118
}