{
"1": 0.794744,
"2": 0.790959,
"3": 0.778920,
"4": 0.777028,
"5": 0.768201,
"6": 0.764353,
"7": 0.771888,
"8": 0.754712,
"9": 0.731835,
"10": 0.694565,
"11": 0.695985,
"12": 0.683803,
"13": 0.654918,
"14": 0.673885,
"15": 0.663813,
"16": 0.550218,
"17": 0.597476,
"18": 0.653926,
"19": 0.639759,
"20": 0.680634,
"21": 0.624143,
"22": 0.594489,
"23": 0.577655,
"24": 0.612001,
"25": 0.611450,
"26": 0.673176,
"27": 0.595499,
"28": 0.627025,
"29": 0.569390,
"30": 0.525358,
"31": 0.616538,
"32": 0.583028,
"33": 0.600618,
"34": 0.578140,
"35": 0.472681,
"36": 0.498383,
"37": 0.567372,
"38": 0.564485,
"39": 0.644114,
"40": 0.557252,
"41": 0.567830,
"42": 0.644424,
"43": 0.586746,
"44": 0.574552,
"45": 0.556162,
"46": 0.608475,
"47": 0.582031,
"48": 0.585830,
"49": 0.565212,
"50": 0.425712,
"51": 0.462319,
"52": 0.434243,
"53": 0.457601,
"54": 0.504836,
"55": 0.500254,
"56": 0.537186,
"57": 0.551576,
"58": 0.558964,
"59": 0.525158,
"60": 0.548908,
"61": 0.636726,
"62": 0.485976,
"63": 0.527142,
"64": 0.557202,
"65": 0.541070,
"66": 0.516430,
"67": 0.579305,
"68": 0.565134,
"69": 0.558950,
"70": 0.572456,
"71": 0.554721,
"72": 0.564621,
"73": 0.592255,
"74": 0.580378,
"75": 0.581335,
"76": 0.590473,
"77": 0.518061,
"78": 0.578746,
"79": 0.613938,
"80": 0.645546,
"81": 0.562895,
"82": 0.506790,
"83": 0.600928,
"84": 0.584821,
"85": 0.548354,
"86": 0.530533,
"87": 0.561044,
"88": 0.602639,
"89": 0.615978,
"90": 0.598449,
"91": 0.609514,
"92": 0.574965,
"93": 0.577930,
"94": 0.596773,
"95": 0.529723,
"96": 0.590287,
"97": 0.550656,
"98": 0.590116,
"99": 0.602079,
"100": 0.602056
}