{
"1": 0.745300,
"2": 0.756401,
"3": 0.689792,
"4": 0.672123,
"5": 0.625937,
"6": 0.692050,
"7": 0.696748,
"8": 0.595865,
"9": 0.629677,
"10": 0.543651,
"11": 0.650818
}