{
"1": 0.790994,
"2": 0.751843,
"3": 0.721011,
"4": 0.714485,
"5": 0.530251,
"6": 0.763570,
"7": 0.620245,
"8": 0.588873,
"9": 0.674465,
"10": 0.561993,
"11": 0.667514
}