{
"1": 0.524424,
"2": 0.612572,
"3": 0.575600,
"4": 0.490791,
"5": 0.448190,
"6": 0.606249,
"7": 0.543854,
"8": 0.420800,
"9": 0.480624,
"10": 0.417826,
"11": 0.429425
}