{
"1": 0.795518,
"2": 0.747226,
"3": 0.707271,
"4": 0.699683,
"5": 0.508926,
"6": 0.678026,
"7": 0.682660,
"8": 0.591524,
"9": 0.663166,
"10": 0.562900,
"11": 0.649806
}