{
"1": 0.640301,
"2": 0.648404,
"3": 0.553507,
"4": 0.643980,
"5": 0.602714,
"6": 0.574693,
"7": 0.603567,
"8": 0.513906,
"9": 0.570588,
"10": 0.490945,
"11": 0.567361
}