{
"1": 0.654251,
"2": 0.602362,
"3": 0.563735,
"4": 0.555797,
"5": 0.360776,
"6": 0.617560,
"7": 0.449532,
"8": 0.417307,
"9": 0.508825,
"10": 0.390814,
"11": 0.500954
}