{
"1": 0.660465,
"2": 0.596457,
"3": 0.547114,
"4": 0.538087,
"5": 0.341315,
"6": 0.512889,
"7": 0.518210,
"8": 0.419975,
"9": 0.496072,
"10": 0.391692,
"11": 0.481269
}