{
"1": 0.594007,
"2": 0.608236,
"3": 0.526475,
"4": 0.506164,
"5": 0.455537,
"6": 0.529110,
"7": 0.534623,
"8": 0.424364,
"9": 0.459510,
"10": 0.373297,
"11": 0.482379
}