{
"1": 0.355403,
"2": 0.441517,
"3": 0.404100,
"4": 0.325198,
"5": 0.288817,
"6": 0.434976,
"7": 0.373488,
"8": 0.266464,
"9": 0.316330,
"10": 0.264084,
"11": 0.273419
}