{
"1": 0.470913,
"2": 0.479732,
"3": 0.382655,
"4": 0.474904,
"5": 0.431346,
"6": 0.403207,
"7": 0.432220,
"8": 0.345810,
"9": 0.399176,
"10": 0.325333,
"11": 0.396025
}