{
"1": 0.876256,
"2": 0.884807,
"3": 0.868629,
"4": 0.872420,
"5": 0.862763,
"6": 0.858790,
"7": 0.863452,
"8": 0.862126,
"9": 0.848884,
"10": 0.813140,
"11": 0.809656,
"12": 0.812571,
"13": 0.784677,
"14": 0.801376,
"15": 0.792079,
"16": 0.707656,
"17": 0.733945,
"18": 0.747938,
"19": 0.772306,
"20": 0.768485
}