{
"1": 0.887238,
"2": 0.886762,
"3": 0.879782,
"4": 0.877019,
"5": 0.873860,
"6": 0.874122,
"7": 0.869668,
"8": 0.863615,
"9": 0.845156,
"10": 0.823172,
"11": 0.822555,
"12": 0.814275,
"13": 0.792362,
"14": 0.806141,
"15": 0.799052,
"16": 0.654655,
"17": 0.769129,
"18": 0.767836,
"19": 0.785404,
"20": 0.778749
}