{
"1": 0.886984,
"2": 0.886762,
"3": 0.875599,
"4": 0.877019,
"5": 0.870636,
"6": 0.872659,
"7": 0.865678,
"8": 0.861763,
"9": 0.845156,
"10": 0.823121,
"11": 0.814421,
"12": 0.815222,
"13": 0.792272,
"14": 0.805796,
"15": 0.798517,
"16": 0.651938,
"17": 0.765434,
"18": 0.763329,
"19": 0.782160,
"20": 0.777561
}