{
"1": 0.885723,
"2": 0.887903,
"3": 0.876913,
"4": 0.877349,
"5": 0.870641,
"6": 0.872632,
"7": 0.865678,
"8": 0.860862,
"9": 0.845156,
"10": 0.821946,
"11": 0.819748,
"12": 0.816080,
"13": 0.791987,
"14": 0.806761,
"15": 0.799260,
"16": 0.650371,
"17": 0.764289,
"18": 0.758953,
"19": 0.782146,
"20": 0.775461
}