{
"1": 0.879333,
"2": 0.883899,
"3": 0.868629,
"4": 0.873314,
"5": 0.866324,
"6": 0.862599,
"7": 0.865678,
"8": 0.862302,
"9": 0.847672,
"10": 0.816735,
"11": 0.815950,
"12": 0.815507,
"13": 0.788976,
"14": 0.807907,
"15": 0.795613,
"16": 0.715646,
"17": 0.736339,
"18": 0.749115,
"19": 0.775566,
"20": 0.768627
}