{
"1": 0.875296,
"2": 0.883110,
"3": 0.868629,
"4": 0.871703,
"5": 0.862243,
"6": 0.857852,
"7": 0.860436,
"8": 0.862841,
"9": 0.848500,
"10": 0.811501,
"11": 0.804662,
"12": 0.809989,
"13": 0.781797,
"14": 0.799050,
"15": 0.789753,
"16": 0.704258,
"17": 0.729037,
"18": 0.746938,
"19": 0.771510,
"20": 0.767391
}