{
"1": 0.876548,
"2": 0.884411,
"3": 0.868629,
"4": 0.872558,
"5": 0.862997,
"6": 0.858925,
"7": 0.865174,
"8": 0.861800,
"9": 0.848840,
"10": 0.815060,
"11": 0.811384,
"12": 0.812999,
"13": 0.786086,
"14": 0.802755,
"15": 0.792790,
"16": 0.709881,
"17": 0.733693,
"18": 0.748233,
"19": 0.772746,
"20": 0.767867
}