{
"1": 0.887238,
"2": 0.886762,
"3": 0.875480,
"4": 0.877019,
"5": 0.870580,
"6": 0.872532,
"7": 0.866357,
"8": 0.861763,
"9": 0.845156,
"10": 0.823196,
"11": 0.815690,
"12": 0.814689,
"13": 0.792362,
"14": 0.805796,
"15": 0.798410,
"16": 0.653608,
"17": 0.766758,
"18": 0.762476,
"19": 0.782160,
"20": 0.777625
}