{
"1": 0.882668,
"2": 0.885707,
"3": 0.868629,
"4": 0.873669,
"5": 0.870070,
"6": 0.866467,
"7": 0.865678,
"8": 0.862844,
"9": 0.845868,
"10": 0.818619,
"11": 0.816585,
"12": 0.817631,
"13": 0.791702,
"14": 0.810291,
"15": 0.799763,
"16": 0.717414,
"17": 0.744945,
"18": 0.749428,
"19": 0.778528,
"20": 0.774374
}