{
"1": 0.887099,
"2": 0.886762,
"3": 0.875480,
"4": 0.877019,
"5": 0.870636,
"6": 0.872532,
"7": 0.865678,
"8": 0.861763,
"9": 0.845156,
"10": 0.823186,
"11": 0.814897,
"12": 0.815193,
"13": 0.792290,
"14": 0.805796,
"15": 0.798415,
"16": 0.652085,
"17": 0.765564,
"18": 0.764720,
"19": 0.782160,
"20": 0.777765
}