{
"1": 0.796920,
"2": 0.796560,
"3": 0.778724,
"4": 0.780973,
"5": 0.770908,
"6": 0.774087,
"7": 0.763167,
"8": 0.757104,
"9": 0.731835,
"10": 0.699411,
"11": 0.686939,
"12": 0.688080,
"13": 0.656002,
"14": 0.674755,
"15": 0.664609,
"16": 0.483612,
"17": 0.620003,
"18": 0.617245,
"19": 0.642252,
"20": 0.636073
}