{
"1": 0.784652,
"2": 0.791952,
"3": 0.767767,
"4": 0.775117,
"5": 0.764172,
"6": 0.758395,
"7": 0.763167,
"8": 0.757936,
"9": 0.735617,
"10": 0.690238,
"11": 0.689118,
"12": 0.688486,
"13": 0.651494,
"14": 0.677722,
"15": 0.660595,
"16": 0.557203,
"17": 0.582703,
"18": 0.598868,
"19": 0.633408,
"20": 0.624204
}