{
"1": 0.797105,
"2": 0.796560,
"3": 0.778537,
"4": 0.780973,
"5": 0.770908,
"6": 0.773886,
"7": 0.763167,
"8": 0.757104,
"9": 0.731835,
"10": 0.699504,
"11": 0.687617,
"12": 0.688038,
"13": 0.656027,
"14": 0.674755,
"15": 0.664468,
"16": 0.483774,
"17": 0.620174,
"18": 0.619066,
"19": 0.642252,
"20": 0.636347
}