{
"1": 0.789978,
"2": 0.794860,
"3": 0.767767,
"4": 0.775676,
"5": 0.770021,
"6": 0.764394,
"7": 0.763167,
"8": 0.758773,
"9": 0.732904,
"10": 0.692934,
"11": 0.690024,
"12": 0.691520,
"13": 0.655220,
"14": 0.681083,
"15": 0.666338,
"16": 0.559349,
"17": 0.593556,
"18": 0.599268,
"19": 0.637369,
"20": 0.631819
}