{
"1": 0.794886,
"2": 0.798405,
"3": 0.780806,
"4": 0.781497,
"5": 0.770916,
"6": 0.774043,
"7": 0.763167,
"8": 0.755714,
"9": 0.731835,
"10": 0.697715,
"11": 0.694553,
"12": 0.689304,
"13": 0.655612,
"14": 0.676110,
"15": 0.665640,
"16": 0.481889,
"17": 0.618501,
"18": 0.611543,
"19": 0.642233,
"20": 0.633268
}