{
"1": 0.797329,
"2": 0.796560,
"3": 0.785367,
"4": 0.780973,
"5": 0.775978,
"6": 0.776392,
"7": 0.769392,
"8": 0.759968,
"9": 0.731835,
"10": 0.699484,
"11": 0.698594,
"12": 0.686731,
"13": 0.656126,
"14": 0.675240,
"15": 0.665352,
"16": 0.486607,
"17": 0.624865,
"18": 0.623161,
"19": 0.646638,
"20": 0.637665
}