{
"1": 0.797329,
"2": 0.796560,
"3": 0.778537,
"4": 0.780973,
"5": 0.770821,
"6": 0.773886,
"7": 0.764224,
"8": 0.757104,
"9": 0.731835,
"10": 0.699518,
"11": 0.688747,
"12": 0.687321,
"13": 0.656126,
"14": 0.674755,
"15": 0.664461,
"16": 0.485451,
"17": 0.621742,
"18": 0.616131,
"19": 0.642252,
"20": 0.636159
}