{
"1": 0.780228,
"2": 0.792775,
"3": 0.767767,
"4": 0.773926,
"5": 0.759010,
"6": 0.752733,
"7": 0.762385,
"8": 0.757160,
"9": 0.737378,
"10": 0.687849,
"11": 0.682629,
"12": 0.684919,
"13": 0.647563,
"14": 0.670502,
"15": 0.656713,
"16": 0.550244,
"17": 0.579396,
"18": 0.597741,
"19": 0.629655,
"20": 0.623201
}