{
"1": 0.778245,
"2": 0.790686,
"3": 0.767767,
"4": 0.772584,
"5": 0.757844,
"6": 0.751087,
"7": 0.755057,
"8": 0.758769,
"9": 0.736866,
"10": 0.682795,
"11": 0.673167,
"12": 0.680657,
"13": 0.641762,
"14": 0.665348,
"15": 0.652555,
"16": 0.543518,
"17": 0.573610,
"18": 0.596091,
"19": 0.628015,
"20": 0.622575
}