{
"1": 0.779765,
"2": 0.793411,
"3": 0.767767,
"4": 0.773710,
"5": 0.758648,
"6": 0.752526,
"7": 0.759714,
"8": 0.757664,
"9": 0.737444,
"10": 0.685119,
"11": 0.680187,
"12": 0.684311,
"13": 0.645653,
"14": 0.668580,
"15": 0.655738,
"16": 0.547575,
"17": 0.579710,
"18": 0.597365,
"19": 0.629071,
"20": 0.624016
}