{
"1": 0.757307,
"2": 0.782311,
"3": 0.780235,
"4": 0.758804,
"5": 0.734494,
}