{
"1": 0.609408,
"2": 0.642455,
"3": 0.639660,
"4": 0.611350,
"5": 0.580395,
}