{
"1": 0.709295,
"2": 0.741366,
"3": 0.676237,
"4": 0.717082,
"5": 0.663074,
"6": 0.578125,
"7": 0.593951,
"8": 0.560195,
"9": 0.623571,
"10": 0.593772,
"11": 0.663571
}