{
"1": 0.744012,
"2": 0.752326,
"3": 0.688065,
"4": 0.727606,
"5": 0.676428,
"6": 0.580985,
"7": 0.609103,
"8": 0.583464,
"9": 0.635459,
"10": 0.613891,
"11": 0.659334
}