{
"1": 0.770980,
"2": 0.772740,
"3": 0.720287,
"4": 0.720467,
"5": 0.701489,
"6": 0.593715,
"7": 0.566822,
"8": 0.618141,
"9": 0.581402,
"10": 0.641345,
"11": 0.638129
}