{
"1": 0.788789,
"2": 0.742624,
"3": 0.703662,
"4": 0.697682,
"5": 0.582747,
"6": 0.518328,
"7": 0.506371,
"8": 0.634364,
"9": 0.467946,
"10": 0.580262,
"11": 0.628347
}