{
"1": 0.760876,
"2": 0.765490,
"3": 0.701304,
"4": 0.719672,
"5": 0.695648,
"6": 0.587144,
"7": 0.623468,
"8": 0.608121,
"9": 0.608340,
"10": 0.632564,
"11": 0.651630
}