{
"1": 0.614044,
"2": 0.620076,
"3": 0.540006,
"4": 0.562099,
"5": 0.533328,
"6": 0.415572,
"7": 0.452927,
"8": 0.436907,
"9": 0.437133,
"10": 0.462592,
"11": 0.483273
}