{
"1": 0.651240,
"2": 0.590614,
"3": 0.542807,
"4": 0.535723,
"5": 0.411181,
"6": 0.349826,
"7": 0.339021,
"8": 0.464519,
"9": 0.305437,
"10": 0.408711,
"11": 0.458095
}