{
"1": 0.592372,
"2": 0.602983,
"3": 0.524466,
"4": 0.571840,
"5": 0.511062,
"6": 0.409428,
"7": 0.437921,
"8": 0.411895,
"9": 0.465694,
"10": 0.442888,
"11": 0.491796
}