{
"1": 0.627313,
"2": 0.629647,
"3": 0.562851,
"4": 0.563071,
"5": 0.540226,
"6": 0.422187,
"7": 0.395500,
"8": 0.447326,
"9": 0.409842,
"10": 0.472044,
"11": 0.468568
}