{
"1": 0.549541,
"2": 0.589024,
"3": 0.510845,
"4": 0.558946,
"5": 0.495970,
"6": 0.406593,
"7": 0.422426,
"8": 0.389077,
"9": 0.453035,
"10": 0.422244,
"11": 0.496525
}